<?xml version="1.0" encoding="UTF-8"?>
<!DOCTYPE isopackager SYSTEM "packager.dtd">
<isopackager>
    <isofield id="0" length="4" name="MTI" class="org.jpos.iso.IFB_NUMERIC"/>
    <isofield id="1" length="16" name="BIT MAP" class="org.jpos.iso.IFB_BITMAP"/>
    <isofield id="2" length="5" name="Primary Account Number" class="Field002Packager"/>
    <isofield id="7" length="10" name="TRANSMISSION DATE AND TIME" class="org.jpos.iso.IFB_NUMERIC"/>
    <isofield id="11" length="6" name="System Trace Audit Number" class="org.jpos.iso.IFA_NUMERIC"/>
    <isofield id="12" length="6" name="TIME, LOCAL TRANSACTION" class="org.jpos.iso.IFB_NUMERIC"/>
    <isofield id="33" length="6" name="Forwarding Institution ID" class="org.jpos.iso.IFA_NUMERIC"/>
    <isofield id="70" length="3" name="Network Management Info Code" class="org.jpos.iso.IFA_NUMERIC"/>
    <isofield id="94" length="10" name="Service Indicator" class="org.jpos.iso.IFA_LLCHAR"/>
    <isofield id="96" length="8" name="Message Security Code" class="org.jpos.iso.IFB_HEX"/>
</isopackager>


